data,filename
"https://outil83.github.io/event-mgmt/index.html?memberId=VH20-ENRNO12083","https---outil83.github.io-event-mgmt-index.html-memberId=VH20-ENRNO12083.png"
"https://outil83.github.io/event-mgmt/index.html?memberId=VH10108-ENRNO1855","https---outil83.github.io-event-mgmt-index.html-memberId=VH10108-ENRNO1855.png"
"https://outil83.github.io/event-mgmt/index.html?memberId=VH20-ENRNO12084","https---outil83.github.io-event-mgmt-index.html-memberId=VH20-ENRNO12084.png"
"https://outil83.github.io/event-mgmt/index.html?memberId=VH10108-ENRNO8597","https---outil83.github.io-event-mgmt-index.html-memberId=VH10108-ENRNO8597.png"
"https://outil83.github.io/event-mgmt/index.html?memberId=VH10108-ENRNO3410","https---outil83.github.io-event-mgmt-index.html-memberId=VH10108-ENRNO3410.png"
"https://outil83.github.io/event-mgmt/index.html?memberId=VH10108-ENRNO1277","https---outil83.github.io-event-mgmt-index.html-memberId=VH10108-ENRNO1277.png"
"https://outil83.github.io/event-mgmt/index.html?memberId=VH10108-ENRNO6143","https---outil83.github.io-event-mgmt-index.html-memberId=VH10108-ENRNO6143.png"
"https://outil83.github.io/event-mgmt/index.html?memberId=VH10108-ENRNO6135","https---outil83.github.io-event-mgmt-index.html-memberId=VH10108-ENRNO6135.png"
"https://outil83.github.io/event-mgmt/index.html?memberId=VH10108-ENRNO3628","https---outil83.github.io-event-mgmt-index.html-memberId=VH10108-ENRNO3628.png"
"https://outil83.github.io/event-mgmt/index.html?memberId=VH10108-ENRNO7750","https---outil83.github.io-event-mgmt-index.html-memberId=VH10108-ENRNO7750.png"
"https://outil83.github.io/event-mgmt/index.html?memberId=VH21-ENRNO1897","https---outil83.github.io-event-mgmt-index.html-memberId=VH21-ENRNO1897.png"
"https://outil83.github.io/event-mgmt/index.html?memberId=VH21-ENRNO5927","https---outil83.github.io-event-mgmt-index.html-memberId=VH21-ENRNO5927.png"
"https://outil83.github.io/event-mgmt/index.html?memberId=VH21-ENRNO2142","https---outil83.github.io-event-mgmt-index.html-memberId=VH21-ENRNO2142.png"
"https://outil83.github.io/event-mgmt/index.html?memberId=VH21-ENRNO2120","https---outil83.github.io-event-mgmt-index.html-memberId=VH21-ENRNO2120.png"
"https://outil83.github.io/event-mgmt/index.html?memberId=VH21-ENRNO3777","https---outil83.github.io-event-mgmt-index.html-memberId=VH21-ENRNO3777.png"
"https://outil83.github.io/event-mgmt/index.html?memberId=VH21-ENRNO5489","https---outil83.github.io-event-mgmt-index.html-memberId=VH21-ENRNO5489.png"
"https://outil83.github.io/event-mgmt/index.html?memberId=VH21-ENRNO3426","https---outil83.github.io-event-mgmt-index.html-memberId=VH21-ENRNO3426.png"
"https://outil83.github.io/event-mgmt/index.html?memberId=VH21-ENRNO3005","https---outil83.github.io-event-mgmt-index.html-memberId=VH21-ENRNO3005.png"
"https://outil83.github.io/event-mgmt/index.html?memberId=VH21-ENRNO8070","https---outil83.github.io-event-mgmt-index.html-memberId=VH21-ENRNO8070.png"
"https://outil83.github.io/event-mgmt/index.html?memberId=VH21-ENRNO3201","https---outil83.github.io-event-mgmt-index.html-memberId=VH21-ENRNO3201.png"
"https://outil83.github.io/event-mgmt/index.html?memberId=VH21-ENRNO6270","https---outil83.github.io-event-mgmt-index.html-memberId=VH21-ENRNO6270.png"
"https://outil83.github.io/event-mgmt/index.html?memberId=VH21-ENRNO7561","https---outil83.github.io-event-mgmt-index.html-memberId=VH21-ENRNO7561.png"
"https://outil83.github.io/event-mgmt/index.html?memberId=VH21-ENRNO7097","https---outil83.github.io-event-mgmt-index.html-memberId=VH21-ENRNO7097.png"
"https://outil83.github.io/event-mgmt/index.html?memberId=VH21-ENRNO3999","https---outil83.github.io-event-mgmt-index.html-memberId=VH21-ENRNO3999.png"
"https://outil83.github.io/event-mgmt/index.html?memberId=VH21-ENRNO3311","https---outil83.github.io-event-mgmt-index.html-memberId=VH21-ENRNO3311.png"
"https://outil83.github.io/event-mgmt/index.html?memberId=VH21-ENRNO1972","https---outil83.github.io-event-mgmt-index.html-memberId=VH21-ENRNO1972.png"
"https://outil83.github.io/event-mgmt/index.html?memberId=VH21-ENRNO5829","https---outil83.github.io-event-mgmt-index.html-memberId=VH21-ENRNO5829.png"
"https://outil83.github.io/event-mgmt/index.html?memberId=VH21-ENRNO3644","https---outil83.github.io-event-mgmt-index.html-memberId=VH21-ENRNO3644.png"
"https://outil83.github.io/event-mgmt/index.html?memberId=VH21-ENRNO3315","https---outil83.github.io-event-mgmt-index.html-memberId=VH21-ENRNO3315.png"
"https://outil83.github.io/event-mgmt/index.html?memberId=VH21-ENRNO4450","https---outil83.github.io-event-mgmt-index.html-memberId=VH21-ENRNO4450.png"
"https://outil83.github.io/event-mgmt/index.html?memberId=VH21-ENRNO3081","https---outil83.github.io-event-mgmt-index.html-memberId=VH21-ENRNO3081.png"
"https://outil83.github.io/event-mgmt/index.html?memberId=VH21-ENRNO1971","https---outil83.github.io-event-mgmt-index.html-memberId=VH21-ENRNO1971.png"
"https://outil83.github.io/event-mgmt/index.html?memberId=VH21-ENRNO5436","https---outil83.github.io-event-mgmt-index.html-memberId=VH21-ENRNO5436.png"
"https://outil83.github.io/event-mgmt/index.html?memberId=VH21-ENRNO4698","https---outil83.github.io-event-mgmt-index.html-memberId=VH21-ENRNO4698.png"
"https://outil83.github.io/event-mgmt/index.html?memberId=VH21-ENRNO3414","https---outil83.github.io-event-mgmt-index.html-memberId=VH21-ENRNO3414.png"
"https://outil83.github.io/event-mgmt/index.html?memberId=VH21-ENRNO1942","https---outil83.github.io-event-mgmt-index.html-memberId=VH21-ENRNO1942.png"
"https://outil83.github.io/event-mgmt/index.html?memberId=VH21-ENRNO2070","https---outil83.github.io-event-mgmt-index.html-memberId=VH21-ENRNO2070.png"
"https://outil83.github.io/event-mgmt/index.html?memberId=VH21-ENRNO3802","https---outil83.github.io-event-mgmt-index.html-memberId=VH21-ENRNO3802.png"
"https://outil83.github.io/event-mgmt/index.html?memberId=VH21-ENRNO3152","https---outil83.github.io-event-mgmt-index.html-memberId=VH21-ENRNO3152.png"
"https://outil83.github.io/event-mgmt/index.html?memberId=VH21-ENRNO7077","https---outil83.github.io-event-mgmt-index.html-memberId=VH21-ENRNO7077.png"
"https://outil83.github.io/event-mgmt/index.html?memberId=VH21-ENRNO4446","https---outil83.github.io-event-mgmt-index.html-memberId=VH21-ENRNO4446.png"
"https://outil83.github.io/event-mgmt/index.html?memberId=VH21-ENRNO7278","https---outil83.github.io-event-mgmt-index.html-memberId=VH21-ENRNO7278.png"
"https://outil83.github.io/event-mgmt/index.html?memberId=VH21-ENRNO2058","https---outil83.github.io-event-mgmt-index.html-memberId=VH21-ENRNO2058.png"
"https://outil83.github.io/event-mgmt/index.html?memberId=VH21-ENRNO6242","https---outil83.github.io-event-mgmt-index.html-memberId=VH21-ENRNO6242.png"
"https://outil83.github.io/event-mgmt/index.html?memberId=VH21-ENRNO8000","https---outil83.github.io-event-mgmt-index.html-memberId=VH21-ENRNO8000.png"
"https://outil83.github.io/event-mgmt/index.html?memberId=VH21-ENRNO2256","https---outil83.github.io-event-mgmt-index.html-memberId=VH21-ENRNO2256.png"
"https://outil83.github.io/event-mgmt/index.html?memberId=VH21-ENRNO7556","https---outil83.github.io-event-mgmt-index.html-memberId=VH21-ENRNO7556.png"
"https://outil83.github.io/event-mgmt/index.html?memberId=VH21-ENRNO6267","https---outil83.github.io-event-mgmt-index.html-memberId=VH21-ENRNO6267.png"
"https://outil83.github.io/event-mgmt/index.html?memberId=VH21-ENRNO3155","https---outil83.github.io-event-mgmt-index.html-memberId=VH21-ENRNO3155.png"
"https://outil83.github.io/event-mgmt/index.html?memberId=VH21-ENRNO3113","https---outil83.github.io-event-mgmt-index.html-memberId=VH21-ENRNO3113.png"
"https://outil83.github.io/event-mgmt/index.html?memberId=VH21-ENRNO2226","https---outil83.github.io-event-mgmt-index.html-memberId=VH21-ENRNO2226.png"
"https://outil83.github.io/event-mgmt/index.html?memberId=VH21-ENRNO4057","https---outil83.github.io-event-mgmt-index.html-memberId=VH21-ENRNO4057.png"
"https://outil83.github.io/event-mgmt/index.html?memberId=VH21-ENRNO6386","https---outil83.github.io-event-mgmt-index.html-memberId=VH21-ENRNO6386.png"
"https://outil83.github.io/event-mgmt/index.html?memberId=VH21-ENRNO5029","https---outil83.github.io-event-mgmt-index.html-memberId=VH21-ENRNO5029.png"
"https://outil83.github.io/event-mgmt/index.html?memberId=VH21-ENRNO4855","https---outil83.github.io-event-mgmt-index.html-memberId=VH21-ENRNO4855.png"
"https://outil83.github.io/event-mgmt/index.html?memberId=VH21-ENRNO7546","https---outil83.github.io-event-mgmt-index.html-memberId=VH21-ENRNO7546.png"
"https://outil83.github.io/event-mgmt/index.html?memberId=VH21-ENRNO8030","https---outil83.github.io-event-mgmt-index.html-memberId=VH21-ENRNO8030.png"
"https://outil83.github.io/event-mgmt/index.html?memberId=VH21-ENRNO1978","https---outil83.github.io-event-mgmt-index.html-memberId=VH21-ENRNO1978.png"
"https://outil83.github.io/event-mgmt/index.html?memberId=VH21-ENRNO3653","https---outil83.github.io-event-mgmt-index.html-memberId=VH21-ENRNO3653.png"
"https://outil83.github.io/event-mgmt/index.html?memberId=VH21-ENRNO2886","https---outil83.github.io-event-mgmt-index.html-memberId=VH21-ENRNO2886.png"
"https://outil83.github.io/event-mgmt/index.html?memberId=VH21-ENRNO3072","https---outil83.github.io-event-mgmt-index.html-memberId=VH21-ENRNO3072.png"
"https://outil83.github.io/event-mgmt/index.html?memberId=VH10206-2238","https---outil83.github.io-event-mgmt-index.html-memberId=VH10206-2238.png"
"https://outil83.github.io/event-mgmt/index.html?memberId=VH21-ENRNO3383","https---outil83.github.io-event-mgmt-index.html-memberId=VH21-ENRNO3383.png"
"https://outil83.github.io/event-mgmt/index.html?memberId=VH21-ENRNO2161","https---outil83.github.io-event-mgmt-index.html-memberId=VH21-ENRNO2161.png"
"https://outil83.github.io/event-mgmt/index.html?memberId=VH21-ENRNO5442","https---outil83.github.io-event-mgmt-index.html-memberId=VH21-ENRNO5442.png"
"https://outil83.github.io/event-mgmt/index.html?memberId=VH21-ENRNO3093","https---outil83.github.io-event-mgmt-index.html-memberId=VH21-ENRNO3093.png"
"https://outil83.github.io/event-mgmt/index.html?memberId=VH21-ENRNO8429","https---outil83.github.io-event-mgmt-index.html-memberId=VH21-ENRNO8429.png"
"https://outil83.github.io/event-mgmt/index.html?memberId=VH21-ENRNO5949","https---outil83.github.io-event-mgmt-index.html-memberId=VH21-ENRNO5949.png"
"https://outil83.github.io/event-mgmt/index.html?memberId=VH21-ENRNO7116","https---outil83.github.io-event-mgmt-index.html-memberId=VH21-ENRNO7116.png"
"https://outil83.github.io/event-mgmt/index.html?memberId=VH21-ENRNO3032","https---outil83.github.io-event-mgmt-index.html-memberId=VH21-ENRNO3032.png"
"https://outil83.github.io/event-mgmt/index.html?memberId=VH21-ENRNO5465","https---outil83.github.io-event-mgmt-index.html-memberId=VH21-ENRNO5465.png"
"https://outil83.github.io/event-mgmt/index.html?memberId=VH21-ENRNO4872","https---outil83.github.io-event-mgmt-index.html-memberId=VH21-ENRNO4872.png"
"https://outil83.github.io/event-mgmt/index.html?memberId=VH21-ENRNO6424","https---outil83.github.io-event-mgmt-index.html-memberId=VH21-ENRNO6424.png"
"https://outil83.github.io/event-mgmt/index.html?memberId=VH21-ENRNO5494","https---outil83.github.io-event-mgmt-index.html-memberId=VH21-ENRNO5494.png"
"https://outil83.github.io/event-mgmt/index.html?memberId=VH21-ENRNO7462","https---outil83.github.io-event-mgmt-index.html-memberId=VH21-ENRNO7462.png"
"https://outil83.github.io/event-mgmt/index.html?memberId=VH21-ENRNO3466","https---outil83.github.io-event-mgmt-index.html-memberId=VH21-ENRNO3466.png"
"https://outil83.github.io/event-mgmt/index.html?memberId=VH21-ENRNO2001","https---outil83.github.io-event-mgmt-index.html-memberId=VH21-ENRNO2001.png"
"https://outil83.github.io/event-mgmt/index.html?memberId=VH21-ENRNO1955","https---outil83.github.io-event-mgmt-index.html-memberId=VH21-ENRNO1955.png"
"https://outil83.github.io/event-mgmt/index.html?memberId=VH21-ENRNO1912","https---outil83.github.io-event-mgmt-index.html-memberId=VH21-ENRNO1912.png"
"https://outil83.github.io/event-mgmt/index.html?memberId=VH21-ENRNO7502","https---outil83.github.io-event-mgmt-index.html-memberId=VH21-ENRNO7502.png"
"https://outil83.github.io/event-mgmt/index.html?memberId=VH21-ENRNO4407","https---outil83.github.io-event-mgmt-index.html-memberId=VH21-ENRNO4407.png"
"https://outil83.github.io/event-mgmt/index.html?memberId=VH21-ENRNO6398","https---outil83.github.io-event-mgmt-index.html-memberId=VH21-ENRNO6398.png"
"https://outil83.github.io/event-mgmt/index.html?memberId=VH21-ENRNO2008","https---outil83.github.io-event-mgmt-index.html-memberId=VH21-ENRNO2008.png"
"https://outil83.github.io/event-mgmt/index.html?memberId=VH21-ENRNO7596","https---outil83.github.io-event-mgmt-index.html-memberId=VH21-ENRNO7596.png"
"https://outil83.github.io/event-mgmt/index.html?memberId=VH21-ENRNO3818","https---outil83.github.io-event-mgmt-index.html-memberId=VH21-ENRNO3818.png"
"https://outil83.github.io/event-mgmt/index.html?memberId=VH21-ENRNO4079","https---outil83.github.io-event-mgmt-index.html-memberId=VH21-ENRNO4079.png"
"https://outil83.github.io/event-mgmt/index.html?memberId=VH21-ENRNO3083","https---outil83.github.io-event-mgmt-index.html-memberId=VH21-ENRNO3083.png"
"https://outil83.github.io/event-mgmt/index.html?memberId=VH21-ENRNO3031","https---outil83.github.io-event-mgmt-index.html-memberId=VH21-ENRNO3031.png"
"https://outil83.github.io/event-mgmt/index.html?memberId=VH21-ENRNO4756","https---outil83.github.io-event-mgmt-index.html-memberId=VH21-ENRNO4756.png"
"https://outil83.github.io/event-mgmt/index.html?memberId=VH21-ENRNO5101","https---outil83.github.io-event-mgmt-index.html-memberId=VH21-ENRNO5101.png"
"https://outil83.github.io/event-mgmt/index.html?memberId=VH21-ENRNO3879","https---outil83.github.io-event-mgmt-index.html-memberId=VH21-ENRNO3879.png"
"https://outil83.github.io/event-mgmt/index.html?memberId=VH21-ENRNO3986","https---outil83.github.io-event-mgmt-index.html-memberId=VH21-ENRNO3986.png"
"https://outil83.github.io/event-mgmt/index.html?memberId=VH21-ENRNO2016","https---outil83.github.io-event-mgmt-index.html-memberId=VH21-ENRNO2016.png"
"https://outil83.github.io/event-mgmt/index.html?memberId=VH21-ENRNO3065","https---outil83.github.io-event-mgmt-index.html-memberId=VH21-ENRNO3065.png"
"https://outil83.github.io/event-mgmt/index.html?memberId=VH21-ENRNO7933","https---outil83.github.io-event-mgmt-index.html-memberId=VH21-ENRNO7933.png"
"https://outil83.github.io/event-mgmt/index.html?memberId=VH21-ENRNO2149","https---outil83.github.io-event-mgmt-index.html-memberId=VH21-ENRNO2149.png"
"https://outil83.github.io/event-mgmt/index.html?memberId=VH21-ENRNO2055","https---outil83.github.io-event-mgmt-index.html-memberId=VH21-ENRNO2055.png"
"https://outil83.github.io/event-mgmt/index.html?memberId=VH21-ENRNO7086","https---outil83.github.io-event-mgmt-index.html-memberId=VH21-ENRNO7086.png"